path	classification	source	license_spdx	final_action	sha256	size_bytes
resources/README.md	project_metadata	MembraneForger	MIT	KEEP_VERIFIED	63043c550f4e17d56f9b5c83fa55408950dd2f5d87c1ffea846cd83fd9997dc5	678
resources/aa_mdp/README	simulation_parameter	MembraneForger	MIT	KEEP_VERIFIED	0420bd7849bf7da2fbd10a53e544c97ecb716bd7ab19533faf0c4d387c20f291	544
resources/aa_mdp/an.mdp	simulation_parameter	MembraneForger	MIT	KEEP_VERIFIED	1ed8d5837a94d2b5ad32162dce391a3dfe247cb4bda1957f9442acd011b1034e	2311
resources/aa_mdp/em_pass1.mdp	simulation_parameter	MembraneForger	MIT	KEEP_VERIFIED	1db6a27dcd26c50af9cc9bc3e77a4bf25956e941daff045acdbb51eadea236e2	907
resources/aa_mdp/em_pass2.mdp	simulation_parameter	MembraneForger	MIT	KEEP_VERIFIED	e2c441b1e44b51b555b6f9d5a2029ae9386d29a70274c96f383c7574fbcfbfb8	907
resources/aa_mdp/em_pass3.mdp	simulation_parameter	MembraneForger	MIT	KEEP_VERIFIED	67e6fa2991babb8cfd7691667d91b417c85075a72a6cef0b7268e484f16b659a	905
resources/aa_mdp/emr.mdp	simulation_parameter	MembraneForger	MIT	KEEP_VERIFIED	f0f128bf03d7084a8064cf3142f70cbac3dcf1a6ca6e51d0cc7925eb7add78dd	514
resources/aa_mdp/energy-gpi.mdp	simulation_parameter	MembraneForger	MIT	KEEP_VERIFIED	af6c936dd1c6adab3bb872af8c83b1a8343a264b3a66b391e51ca513b2afccf9	2559
resources/aa_mdp/energy.mdp	simulation_parameter	MembraneForger	MIT	KEEP_VERIFIED	f1e35527f44070e66dbc01c522e398f71bca4e65a66603a751a843180240789a	2559
resources/aa_mdp/ions.mdp	simulation_parameter	MembraneForger	MIT	KEEP_VERIFIED	c2e85523d8cb8ee1873d2dd8cd2a61d0d8cfbdc2ec7b99ea8a553d40e2f6a6ff	934
resources/aa_mdp/lnpt0k.mdp	simulation_parameter	MembraneForger	MIT	KEEP_VERIFIED	3f0e1666afb57c113f734c299f32a74d59cfbef5b84014f6314cb59c56d2e44b	959
resources/aa_mdp/md-cont.mdp	simulation_parameter	MembraneForger	MIT	KEEP_VERIFIED	c8789120501e1250b473d60c945c3eb7adbc24a185e38b74a2a6dae5aa2938c6	2269
resources/aa_mdp/md-p.mdp	simulation_parameter	MembraneForger	MIT	KEEP_VERIFIED	72d7f2b87d17679a812918b9d839d1b980e10171e1c4a0b9a73448e8cf2a65c3	2247
resources/aa_mdp/md.mdp	simulation_parameter	MembraneForger	MIT	KEEP_VERIFIED	6de147089304548e47d2695b5d52001aef61cebb736f84922c0b743fe9fc32ed	2293
resources/aa_mdp/md_umb.mdp	simulation_parameter	MembraneForger	MIT	KEEP_VERIFIED	719fde8c1019928cc9233752894b5f8e4eeea1cf78dd4375c44b3d5505e271f6	2775
resources/aa_mdp/minim.mdp	simulation_parameter	MembraneForger	MIT	KEEP_VERIFIED	1e81d396b5b8809ca1dce49b98807bdb75a3d483c9224c5375f87d7d86bc639f	1098
resources/aa_mdp/minim_2.mdp	simulation_parameter	MembraneForger	MIT	KEEP_VERIFIED	52f9ab745a75756d0cff0992478d2c293b31f12d1f72cb769f916ce2a1392313	518
resources/aa_mdp/npt.mdp	simulation_parameter	MembraneForger	MIT	KEEP_VERIFIED	a3bb5a9eac0460464e2803cca758a54957e8daef1e076b194eebd5b9f1c93c48	2290
resources/aa_mdp/npt00.mdp	simulation_parameter	MembraneForger	MIT	KEEP_VERIFIED	1a31bba625e512122867634ebf19f5fa7e9fa56baef6804fd8e74e1cf14a97f6	2229
resources/aa_mdp/npt0k.mdp	simulation_parameter	MembraneForger	MIT	KEEP_VERIFIED	400a256c131afe525f12391b285092d08c91ce30e79f87071bb8c1c03a78f4d0	2243
resources/aa_mdp/npt0k_long.mdp	simulation_parameter	MembraneForger	MIT	KEEP_VERIFIED	3f0e1666afb57c113f734c299f32a74d59cfbef5b84014f6314cb59c56d2e44b	959
resources/aa_mdp/npt0k_short.mdp	simulation_parameter	MembraneForger	MIT	KEEP_VERIFIED	f269fc358b256656e11efdd19f223e5651b6c9ff39c0fb2640a9ddf3fead9f70	960
resources/aa_mdp/npt1k-long.mdp	simulation_parameter	MembraneForger	MIT	KEEP_VERIFIED	99795e978b96979773bcb3733535942a047d484971376097d92b995d2e10e33c	2334
resources/aa_mdp/npt1k.mdp	simulation_parameter	MembraneForger	MIT	KEEP_VERIFIED	5a5ec9b374ebe1d03f8ab95bad358a5db152e14dfcb8f35c9c58dc6817e4b071	2308
resources/aa_mdp/npt1klong.mdp	simulation_parameter	MembraneForger	MIT	KEEP_VERIFIED	59f0a2c8fd23a40cc997865dd39d18925d7a3ce683452cbd37d6df3932350886	2303
resources/aa_mdp/npt2k.mdp	simulation_parameter	MembraneForger	MIT	KEEP_VERIFIED	ba6bdf5f3e9aef6f5dfc7bb57625cf1a94e599e02baded4486ff0a6f03990909	2334
resources/aa_mdp/npt3k.mdp	simulation_parameter	MembraneForger	MIT	KEEP_VERIFIED	6ccb085299d7e22b5eb3baa3dec6b90816a9ce97ce8d0df9262de48265417d14	2336
resources/aa_mdp/npt4k.mdp	simulation_parameter	MembraneForger	MIT	KEEP_VERIFIED	afc84ddf9a810302ad7954c80d3edfa9d4e7c65a52238a66a0553f180245f834	2361
resources/aa_mdp/npt5k.mdp	simulation_parameter	MembraneForger	MIT	KEEP_VERIFIED	0bd0e5dde856579f8491d7ffbc9d1907f360cce31b88fcab019b4b60bec29d22	2360
resources/aa_mdp/npt6k.mdp	simulation_parameter	MembraneForger	MIT	KEEP_VERIFIED	aaca903141f82a763c6acd1d4576032bd45c4658563f074301109bf9ea5eaab0	2342
resources/aa_mdp/npt_prnh_refall_test.mdp	simulation_parameter	MembraneForger	MIT	KEEP_VERIFIED	f482deb08ed72a20958660f14b7e507c14b09bb5b5b52dd229e6582601677ffc	2314
resources/aa_mdp/npt_umb.mdp	simulation_parameter	MembraneForger	MIT	KEEP_VERIFIED	d1f695642aac7d9cc946368169fb7bfb0264e469f046e4500e869618be9b255a	2730
resources/aa_mdp/nvt.mdp	simulation_parameter	MembraneForger	MIT	KEEP_VERIFIED	18214ee07006dfc43a81aeffb8880406b2953b835cc24f33122f2f92d06e5f62	2231
resources/aa_mdp/nvtlong.mdp	simulation_parameter	MembraneForger	MIT	KEEP_VERIFIED	c52d418715769b77469205e403c8de3feb1d191e2c7c0b52553771410ede8760	2227
resources/aa_mdp/pull.mdp	simulation_parameter	MembraneForger	MIT	KEEP_VERIFIED	c089ba3148fec3e9f4e5fa75b985fa182962449b793d6f868eb0ca69ca79e1f5	2917
resources/aa_mdp/pull.neg.mdp	simulation_parameter	MembraneForger	MIT	KEEP_VERIFIED	f08b9a47ac0f0b9292ca960c0496b9383d67f3d3e1365cede6def7ca166c127c	2918
resources/aa_mdp/pull.pos.mdp	simulation_parameter	MembraneForger	MIT	KEEP_VERIFIED	b41f19f4617ca4133432fd6d23bd5cd04384e7fee3723819afff15d595eaf2bd	2917
resources/aa_mdp/umb.mdp	simulation_parameter	MembraneForger	MIT	KEEP_VERIFIED	11fa2ea4595a8d32bc9a9ec1b0e7514847595c60c9c3fde50089c6154c725a99	2686
resources/cg_mdp/step6.0_minimization.mdp	simulation_parameter	MembraneForger	MIT	KEEP_VERIFIED	0b6310efa08577fa44ee0a117553c9505fbbdba2ae8ef22ea53f22293dc1579b	1565
resources/cg_mdp/step6.1_minimization.mdp	simulation_parameter	MembraneForger	MIT	KEEP_VERIFIED	ea16552fc957b8f4da3ff6b92812090c2b82efef52bcb5e25807b7aa550c4610	1604
resources/cg_mdp/step6.2_equilibration.mdp	simulation_parameter	MembraneForger	MIT	KEEP_VERIFIED	1114a718946492a8965aa5214e1a12fd7c4b836eaf62cb4786870724443d5f2b	1835
resources/cg_mdp/step6.3_equilibration.mdp	simulation_parameter	MembraneForger	MIT	KEEP_VERIFIED	4bea0b73d0c032599b53f6e9dbd7fac46c2879226cc48f62663bc03ecd93ee1f	2089
resources/cg_mdp/step6.4_equilibration.mdp	simulation_parameter	MembraneForger	MIT	KEEP_VERIFIED	5424bd78a864e933da0ed73a0487a66134d69173c86d357e0f3f3ff0b285cb82	2097
resources/cg_mdp/step6.5_equilibration.mdp	simulation_parameter	MembraneForger	MIT	KEEP_VERIFIED	20151fd03c2a4f2348a6a3e8e93df46879d559a460302d48d54df121811f5d77	2323
resources/cg_mdp/step6.6_equilibration.mdp	simulation_parameter	MembraneForger	MIT	KEEP_VERIFIED	3addb25698a10fb4b000948d47f4ec58e6b69b0cffdeafb8d8638ef6a0f6cac0	2323
resources/cg_mdp/step7.1_production.mdp	simulation_parameter	MembraneForger	MIT	KEEP_VERIFIED	564cdbc724824392bfa41c55e20f1b29aa0aaa569c38b431e372ba89993b97f0	2274
resources/cg_mdp/step7.2_production.mdp	simulation_parameter	MembraneForger	MIT	KEEP_VERIFIED	564cdbc724824392bfa41c55e20f1b29aa0aaa569c38b431e372ba89993b97f0	2274
resources/cg_mdp/step7.3_production.mdp	simulation_parameter	MembraneForger	MIT	KEEP_VERIFIED	564cdbc724824392bfa41c55e20f1b29aa0aaa569c38b431e372ba89993b97f0	2274
resources/cg_mdp/step7.4_production.mdp	simulation_parameter	MembraneForger	MIT	KEEP_VERIFIED	564cdbc724824392bfa41c55e20f1b29aa0aaa569c38b431e372ba89993b97f0	2274
resources/cg_mdp/step7.5_production.mdp	simulation_parameter	MembraneForger	MIT	KEEP_VERIFIED	55e3acabe127c2bb8a13b8aaf9a42a4c160ee8ec7db6317611735b847c0d8f99	2275
resources/external/README.md	placeholder	MembraneForger	MIT	KEEP_VERIFIED	3190b90fb103dde46b6a33405ee3436ed0b7d99b0ad3bf787c350ca2f72ae103	679
resources/forcefields/README.md	project_metadata	MembraneForger	MIT	KEEP_VERIFIED	6c0a55474477c07897d3a9c07004670f9d1d71cb5194299f699f70523cb2717c	437
resources/forcefields/martini/CITATIONS.md	redistributable_forcefield	Martini 3 distribution	Apache-2.0	KEEP_VERIFIED	f7ccf147e82a3d4f5a5ce4a55b6b6520dc75d799a6730bdde4f8490f3f8b7798	368
resources/forcefields/martini/ORIGIN.yaml	redistributable_forcefield	Martini 3 distribution	Apache-2.0	KEEP_VERIFIED	131f36300eccb9dc6fab275c9e3054bd36144d5b414565848eb976b4aba8cdb3	2351
resources/forcefields/martini/martini_v3.0.0.itp	redistributable_forcefield	Martini 3 distribution	Apache-2.0	KEEP_VERIFIED	0ecbf0ff334b2ec21dc5e3151aca42167b977bc2aed41eb2a44bd8c997754894	16030960
resources/forcefields/martini/martini_v3.0.0_ions_v1.itp	redistributable_forcefield	Martini 3 distribution	Apache-2.0	KEEP_VERIFIED	699aba132755b0ef13a0d7b41e6230a27777781bdc8075507413b89499c2be4f	7851
resources/forcefields/martini/martini_v3.0.0_nucleobases_v1.itp	redistributable_forcefield	Martini 3 distribution	Apache-2.0	KEEP_VERIFIED	774526a4fa1ba6cbe80bda97c0f0516e31c0f21212466281bfae7348cea6f393	5721
resources/forcefields/martini/martini_v3.0.0_phospholipids_v1.itp	redistributable_forcefield	Martini 3 distribution	Apache-2.0	KEEP_VERIFIED	21fb2eb6d8a1d48854d179dc71981c1210f608486efb3e6644347391ba9cf392	207794
resources/forcefields/martini/martini_v3.0.0_small_molecules_v1.itp	redistributable_forcefield	Martini 3 distribution	Apache-2.0	KEEP_VERIFIED	61eb12c3e70fa31af0503d91c3c4ec03c16e88414c884e694bd4092b0afe3cbc	9862
resources/forcefields/martini/martini_v3.0.0_solvents_v1.itp	redistributable_forcefield	Martini 3 distribution	Apache-2.0	KEEP_VERIFIED	e6a78414b317c38a1a816eded4aee6082a5da1ed229a126359f0cc92314dcb4e	14432
resources/forcefields/martini/martini_v3.0.0_sugars_v1.itp	redistributable_forcefield	Martini 3 distribution	Apache-2.0	KEEP_VERIFIED	342c8a7be7209a9d6f50c91a0adba3e16150863cd33411ca6bb18b4c2675bbbf	909
resources/forcefields/martini/martini_v3.0.0_sugars_v2.itp	redistributable_forcefield	Martini 3 distribution	Apache-2.0	KEEP_VERIFIED	4d29956a77d936cfdad10e8bbdf201cebdaa24a2f5f50688988a1c7bb9ebfc50	11300
resources/ligand_params/GLPA/README.md	placeholder	MembraneForger	MIT	KEEP_VERIFIED	2878754d1cd9ac6753f26646a8d1e2d0a6750476c52b3eec912bac6e6b55e5f7	580
resources/mappings/map.dat	mapping_or_template	MembraneForger	MIT	KEEP_VERIFIED	c88c0da6fa98bf275e98723c5fdd5de04f90c7802b1944191dcc40b7e591dcdb	3281
resources/templates/GM3.xml	mapping_or_template	MembraneForger	MIT	KEEP_VERIFIED	2899de76e3a2bf30cff0bdac74808ef5cfad223623a3ef5fff2a94750c744eab	18108
resources/templates/README.md	mapping_or_template	MembraneForger	MIT	KEEP_VERIFIED	716fbdb18d1c25a455c4928016c0e88491894fd389c7ac51fc4dabc9edd18a1f	259
resources/vendor/README.md	bootstrap_metadata	mstool upstream	MIT	KEEP_VERIFIED	baf72724c51a7a36d986c85382a645c80eb767dcc3b8426d3c2ddca957b73d63	628
resources/vendor/mstool.lock.yaml	bootstrap_metadata	mstool upstream	GPL-3.0-only	KEEP_VERIFIED	a3af6b02e7eeb9d0d6ce2f2447f50f32360ebd3e5d93f61f93b2278dbf2cc4e0	925
