component	local_path	upstream	base_version_or_commit	local_modifications	license_spdx	license_file	hash_type	hash_value	classification	notes
mstool	resources/vendor/mstool	https://github.com/ksy141/mstool.git	2d37f9d3e89279ddd9125cc74da1f5e01153586c	yes	GPL-3.0-only	resources/vendor/mstool/LICENSE	tree_sha256	d238e049d1003054c242352b6df25f229ee498f7b45c98a92ecdbfe1f9617e7b	VENDORED-MODIFIED	Stage 3 backmapping; upstream source code plus MembraneForger MODIFICATIONS.md and copied license; native extensions build from .pyx into external cache
INSANE-derived membrane builder	scripts/insane_M3_lipids_new.py	INSert membrAN script lineage	20140603.11.TAW	yes	GPL-2.0-or-later	LICENSES/GPL-2.0-or-later.txt	file_sha256	1ff505538ddd47dd28f9cd3a9557305bc69587ae952072ca2c44feca1f90990c	VENDORED-MODIFIED	Stage 2 de novo membrane construction uses this bundled exact script; modification notice in script header
Martini force fields	resources/forcefields/martini	https://github.com/marrink-lab/martini-forcefields.git	784591ebdc91d762ed4df986c4650546c938f776	no	Apache-2.0	LICENSES/Apache-2.0.txt	tree_sha256	ca562ab535bb83eecc350363a52b79137eecc77273fa4ec0dd444c5b5931a6d3	VENDORED-UPSTREAM	Byte-identical retained Martini 3 files listed in resources/forcefields/martini/ORIGIN.yaml
MembraneForger package	membraneforger	MembraneForger	project source	yes	MIT	LICENSES/MIT.txt	tree_sha256	ab5d18675499363e0c0152b910c2ecd9cf162d9a8adb0c2918de1b6cceaa886a	VENDORED-MODIFIED	Public CLI/library code in this repository
Workflow scripts	scripts	MembraneForger	project source	yes	MIT	LICENSES/MIT.txt	tree_sha256	c3a89e5b3ae5c8b643f4afa63089a9e94eb302fa5667654dbf50295f0a0be491	VENDORED-MODIFIED	Pipeline helper scripts including provenance verifier and bundled INSANE script
Stage wrappers	stages	MembraneForger	project source	yes	MIT	LICENSES/MIT.txt	tree_sha256	1551104f6250238a9aef95db0e9d48831e6a692cb72cd401e5174ab889ad2730	VENDORED-MODIFIED	Stage entry-point wrappers
AA MDP templates	resources/aa_mdp	MembraneForger	project source	yes	MIT	LICENSES/MIT.txt	tree_sha256	1e017e84f84210d311b5d487188270d5ea80a6ecacfeb2ecd9dd15d340b7e921	VENDORED-MODIFIED	All-atom GROMACS MDP/template inputs used by Stage 4 preparation
Backmapping XML templates	resources/templates	MembraneForger	project source	yes	MIT	LICENSES/MIT.txt	tree_sha256	4862b156e1f6927c5cf882c11d216b04ca1ea5eb6b542bb2ce1772b3afe9d901	VENDORED-MODIFIED	Stage 3 template resources retained in repository
run_pipeline CLI	run_pipeline.sh	MembraneForger	project source	yes	MIT	LICENSES/MIT.txt	file_sha256	40b7814482a57f1c779b863f1a5db06c384779f8aa6090c1c1e8f4ffe1ec4136	VENDORED-MODIFIED	Public command wrapper
setup CLI	setup.sh	MembraneForger	project source	yes	MIT	LICENSES/MIT.txt	file_sha256	fcea9f10a1e04cade2238a6a4b2e063b8eae9a0efcc226a3bf0f795a0ced523f	VENDORED-MODIFIED	Public setup/verification wrapper
vermouth/martinize2	Python environment	https://github.com/marrink-lab/vermouth-martinize	0.15.0	no	Apache-2.0	not_applicable	not_vendored	not_applicable	PINNED-PACKAGE	Pinned in environments/environment.yml, environments/constraints.txt, and environments/requirements-lock.txt
GROMACS	system environment	https://www.gromacs.org/	2025.4-conda_forge	no	LGPL-2.1-or-later	not_applicable	not_vendored	not_applicable	SYSTEM-BINARY	Resolved by GMX_BIN or PATH; Mac binary is not vendored
CHARMM36 GROMACS force field	resources/external/charmm36.ff	user-supplied	not-established	not-established	varies-by-distribution	not_applicable	not_vendored	not_applicable	EXTERNAL-SCIENTIFIC-RESOURCE	Ignored and untracked; required for Stage 4 when CHARMM36 all-atom preparation is requested
CHARMM toppar resources	resources/forcefields/charmm36/toppar	user-supplied	not-established	not-established	varies-by-distribution	not_applicable	not_vendored	not_applicable	EXTERNAL-SCIENTIFIC-RESOURCE	Ignored and untracked; required for compatible Stage 4 topology/parameter construction
