path	sha256	size_bytes	classification	upstream_project	upstream_repository	upstream_path	upstream_commit_or_release	upstream_sha256	license_spdx	redistribution_verified	required_notice	required_citation	local_modifications	generated_from	workflow_requirement	final_action	evidence	notes
.editorconfig	02ea9708cd97bf60015e0cfb259f9e4d3bb68d091a1b6ab6c849e2ffac988c9b	227	project_authored	MembraneForger	not_applicable	not_applicable	project-authored	02ea9708cd97bf60015e0cfb259f9e4d3bb68d091a1b6ab6c849e2ffac988c9b	MIT	yes	none	CITATION.cff	none	project source	project workflow	KEEP_VERIFIED	project-authored file	not a retained third-party payload
.gitattributes	9546459942c723070e8874bd5d5a7ad503ff3febd30b31a597c8961498dbcc5d	1175	project_authored	MembraneForger	not_applicable	not_applicable	project-authored	9546459942c723070e8874bd5d5a7ad503ff3febd30b31a597c8961498dbcc5d	MIT	yes	none	CITATION.cff	none	project source	project workflow	KEEP_VERIFIED	project-authored file	not a retained third-party payload
.github/workflows/ci.yml	b6749bea6d82779af97a481d98a20bb5966cd9a0f0f6fc362cd4ad6fd766fe8b	3735	project_authored	MembraneForger	not_applicable	not_applicable	project-authored	b6749bea6d82779af97a481d98a20bb5966cd9a0f0f6fc362cd4ad6fd766fe8b	MIT	yes	none	CITATION.cff	none	project source	project workflow	KEEP_VERIFIED	project-authored file	not a retained third-party payload
.github/workflows/scientific-integration.yml	26a10fba1fcdef9eb40c5918caa99efacec6006b1df539a26668f3dc8f45d566	2699	project_authored	MembraneForger	not_applicable	not_applicable	project-authored	26a10fba1fcdef9eb40c5918caa99efacec6006b1df539a26668f3dc8f45d566	MIT	yes	none	CITATION.cff	none	project source	project workflow	KEEP_VERIFIED	project-authored file	not a retained third-party payload
.gitignore	453811f1d8f1854b84d5329203ac37795c6834f2a8cd7a5fd8e4b4c58e8ce0de	1003	project_authored	MembraneForger	not_applicable	not_applicable	project-authored	453811f1d8f1854b84d5329203ac37795c6834f2a8cd7a5fd8e4b4c58e8ce0de	MIT	yes	none	CITATION.cff	none	project source	project workflow	KEEP_VERIFIED	project-authored file	not a retained third-party payload
CITATION.cff	9a3a1d57cb50b5829d312979daaf8f1ada832245b31aea86c29c7843bbd6a9de	597	project_authored	MembraneForger	not_applicable	not_applicable	project-authored	9a3a1d57cb50b5829d312979daaf8f1ada832245b31aea86c29c7843bbd6a9de	MIT	yes	none	CITATION.cff	none	project source	project workflow	KEEP_VERIFIED	project-authored file	not a retained third-party payload
CONTRIBUTING.md	42923af6ab136e0eb049adc7fda08ec2f38f0f0e908f50addefa2c74d6a74144	853	project_authored	MembraneForger	not_applicable	not_applicable	project-authored	42923af6ab136e0eb049adc7fda08ec2f38f0f0e908f50addefa2c74d6a74144	MIT	yes	none	CITATION.cff	none	project source	project workflow	KEEP_VERIFIED	project-authored file	not a retained third-party payload
LICENSE	806560baf5adf5ca956674fb27c44ac98b435f704eae2263cde721d27a099099	1470	project_authored	MembraneForger	not_applicable	not_applicable	project-authored	806560baf5adf5ca956674fb27c44ac98b435f704eae2263cde721d27a099099	MIT	yes	none	CITATION.cff	none	project source	project workflow	KEEP_VERIFIED	project-authored file	not a retained third-party payload
LICENSES/Apache-2.0.txt	c71d239df91726fc519c6eb72d318ec65820627232b2f796219e87dcf35d0ab4	11357	third_party_license	Apache License	https://www.apache.org/licenses/LICENSE-2.0	LICENSE-2.0	Apache-2.0	c71d239df91726fc519c6eb72d318ec65820627232b2f796219e87dcf35d0ab4	Apache-2.0	yes	full license text	none	none	official license text	license notice	KEEP_VERIFIED	Apache Software Foundation license text	license notice
LICENSE_DEPENDENCIES.md	7678b9123d94ff4d15a41f4e50098fd7f728bc9504eb28ac62559e80e01cde0c	2716	project_authored	MembraneForger	not_applicable	not_applicable	project-authored	7678b9123d94ff4d15a41f4e50098fd7f728bc9504eb28ac62559e80e01cde0c	MIT	yes	none	CITATION.cff	none	project source	project workflow	KEEP_VERIFIED	project-authored file	not a retained third-party payload
README.md	642786cc7dabf91d92166ac75af802114182a33202744a3bb12ea5afdb11fc4b	9643	project_authored	MembraneForger	not_applicable	not_applicable	project-authored	642786cc7dabf91d92166ac75af802114182a33202744a3bb12ea5afdb11fc4b	MIT	yes	none	CITATION.cff	none	project source	project workflow	KEEP_VERIFIED	project-authored file	not a retained third-party payload
SECURITY.md	7440356517703576fb432aff8c4bdd470048f5283d090145c4f2e1f9032b18fb	566	project_authored	MembraneForger	not_applicable	not_applicable	project-authored	7440356517703576fb432aff8c4bdd470048f5283d090145c4f2e1f9032b18fb	MIT	yes	none	CITATION.cff	none	project source	project workflow	KEEP_VERIFIED	project-authored file	not a retained third-party payload
THIRD_PARTY_NOTICES.md	78089b9334b3319e8bc0b9450edb95a7fcd5d326d51e8eb4420fa0231a84ed74	2207	project_authored	MembraneForger	not_applicable	not_applicable	project-authored	78089b9334b3319e8bc0b9450edb95a7fcd5d326d51e8eb4420fa0231a84ed74	MIT	yes	none	CITATION.cff	none	project source	project workflow	KEEP_VERIFIED	project-authored file	not a retained third-party payload
config/dependencies.yaml	220bbd82dc1bdc9160da6b2e7bd8d38fc51ece39c9e5f51e1bbecbb3f54289ca	823	project_authored	MembraneForger	not_applicable	not_applicable	project-authored	220bbd82dc1bdc9160da6b2e7bd8d38fc51ece39c9e5f51e1bbecbb3f54289ca	MIT	yes	none	CITATION.cff	none	project source	project workflow	KEEP_VERIFIED	project-authored file	not a retained third-party payload
config/resources.lock.yaml	49b9b7f04e47236df6961ecddbf3570931e56cfa69c3bc3618f9d5996f89402e	663	project_authored	MembraneForger	not_applicable	not_applicable	project-authored	49b9b7f04e47236df6961ecddbf3570931e56cfa69c3bc3618f9d5996f89402e	MIT	yes	none	CITATION.cff	none	project source	project workflow	KEEP_VERIFIED	project-authored file	not a retained third-party payload
config/workflow.example.yaml	4daee10f3cdc4db5e01f08098dce5df9f2e5d56ca6d54f5e95a0f51a2252180f	1263	project_authored	MembraneForger	not_applicable	not_applicable	project-authored	4daee10f3cdc4db5e01f08098dce5df9f2e5d56ca6d54f5e95a0f51a2252180f	MIT	yes	none	CITATION.cff	none	project source	project workflow	KEEP_VERIFIED	project-authored file	not a retained third-party payload
config/workflow.yaml	b3690c1c64aea04156cf7f0febbd74b9674ba0669b76e3da650ea13875b5b830	1852	project_authored	MembraneForger	not_applicable	not_applicable	project-authored	b3690c1c64aea04156cf7f0febbd74b9674ba0669b76e3da650ea13875b5b830	MIT	yes	none	CITATION.cff	none	project source	project workflow	KEEP_VERIFIED	project-authored file	not a retained third-party payload
containers/Apptainer.def	30e8e2827d5b9022b1d5af9ab305242efea86649913d482faa7761b3d2f59d73	295	project_authored	MembraneForger	not_applicable	not_applicable	project-authored	30e8e2827d5b9022b1d5af9ab305242efea86649913d482faa7761b3d2f59d73	MIT	yes	none	CITATION.cff	none	project source	project workflow	KEEP_VERIFIED	project-authored file	not a retained third-party payload
containers/Dockerfile	c9a7f124f48e0a09cf8ff6e526a7a92ef24f994bd516f54bee38e0a376765fc3	390	project_authored	MembraneForger	not_applicable	not_applicable	project-authored	c9a7f124f48e0a09cf8ff6e526a7a92ef24f994bd516f54bee38e0a376765fc3	MIT	yes	none	CITATION.cff	none	project source	project workflow	KEEP_VERIFIED	project-authored file	not a retained third-party payload
docs/private_regression_fixtures.md	01ed7eb50c156e7477baafca65d6161d4dda0f42ee9937829979af711095d333	500	project_authored	MembraneForger	not_applicable	not_applicable	project-authored	01ed7eb50c156e7477baafca65d6161d4dda0f42ee9937829979af711095d333	MIT	yes	none	CITATION.cff	none	project source	project workflow	KEEP_VERIFIED	project-authored file	not a retained third-party payload
docs/publication_audit.md	17c25b4495a021890e505398c0c1e750440dfb9a7d13026ba7277b98501a0e79	1667	project_authored	MembraneForger	not_applicable	not_applicable	project-authored	17c25b4495a021890e505398c0c1e750440dfb9a7d13026ba7277b98501a0e79	MIT	yes	none	CITATION.cff	none	project source	project workflow	KEEP_VERIFIED	project-authored file	not a retained third-party payload
docs/redistribution_cleanup_report.md	d5804102a2a4cddc2f6ebd098d3eb74ba3888d1ac393f7a3bf99510bc028d362	387	project_authored	MembraneForger	not_applicable	not_applicable	project-authored	d5804102a2a4cddc2f6ebd098d3eb74ba3888d1ac393f7a3bf99510bc028d362	MIT	yes	none	CITATION.cff	none	project source	project workflow	KEEP_VERIFIED	project-authored file	not a retained third-party payload
docs/reproducibility.md	f94e3b5a9d67b55c37368c4cf09b99b85fd3f973e653297a89b51d46615315d3	1270	project_authored	MembraneForger	not_applicable	not_applicable	project-authored	f94e3b5a9d67b55c37368c4cf09b99b85fd3f973e653297a89b51d46615315d3	MIT	yes	none	CITATION.cff	none	project source	project workflow	KEEP_VERIFIED	project-authored file	not a retained third-party payload
docs/scientific_parameters.md	ea3d8b565f27bf4d8b666fb5a7546b55aa8871f4e8b0f57e9f55b2e0f3b4e9e9	480	project_authored	MembraneForger	not_applicable	not_applicable	project-authored	ea3d8b565f27bf4d8b666fb5a7546b55aa8871f4e8b0f57e9f55b2e0f3b4e9e9	MIT	yes	none	CITATION.cff	none	project source	project workflow	KEEP_VERIFIED	project-authored file	not a retained third-party payload
docs/software_dependencies.md	5d4fdbcd45b980436f96dc1a6799a23a42a090b44d6f925fe39bec5c83fff310	1869	project_authored	MembraneForger	not_applicable	not_applicable	project-authored	5d4fdbcd45b980436f96dc1a6799a23a42a090b44d6f925fe39bec5c83fff310	MIT	yes	none	CITATION.cff	none	project source	project workflow	KEEP_VERIFIED	project-authored file	not a retained third-party payload
docs/stage1.md	322dda636d0e4d40eaceea1a611150854c70db251b7d09418d3de03bae5f2943	400	project_authored	MembraneForger	not_applicable	not_applicable	project-authored	322dda636d0e4d40eaceea1a611150854c70db251b7d09418d3de03bae5f2943	MIT	yes	none	CITATION.cff	none	project source	project workflow	KEEP_VERIFIED	project-authored file	not a retained third-party payload
docs/stage2.md	83d6f961e2422c8c90991ee948ce4230f4618a1553e1574af830bbc47472ed03	526	project_authored	MembraneForger	not_applicable	not_applicable	project-authored	83d6f961e2422c8c90991ee948ce4230f4618a1553e1574af830bbc47472ed03	MIT	yes	none	CITATION.cff	none	project source	project workflow	KEEP_VERIFIED	project-authored file	not a retained third-party payload
docs/stage3.md	e091be0d9976bd66c4043f74830106bfb00c705ea50cff2abdf04c7417967294	1089	project_authored	MembraneForger	not_applicable	not_applicable	project-authored	e091be0d9976bd66c4043f74830106bfb00c705ea50cff2abdf04c7417967294	MIT	yes	none	CITATION.cff	none	project source	project workflow	KEEP_VERIFIED	project-authored file	not a retained third-party payload
docs/stage4.md	e31c1a9ae61b4856e16a2e19369536fc1585bbc36347171f42951ea845eb19b3	2221	project_authored	MembraneForger	not_applicable	not_applicable	project-authored	e31c1a9ae61b4856e16a2e19369536fc1585bbc36347171f42951ea845eb19b3	MIT	yes	none	CITATION.cff	none	project source	project workflow	KEEP_VERIFIED	project-authored file	not a retained third-party payload
environments/constraints.txt	d8f77c2128650521002becc93ff66e3893fc11b72fe9f90dc74467f9f5a6990d	198	project_authored	MembraneForger	not_applicable	not_applicable	project-authored	d8f77c2128650521002becc93ff66e3893fc11b72fe9f90dc74467f9f5a6990d	MIT	yes	none	CITATION.cff	none	project source	project workflow	KEEP_VERIFIED	project-authored file	not a retained third-party payload
environments/environment.yml	15f580c4b5b00fce62796a490d9ea82bc686131ba5ed3c56786dc1d9ba306c64	346	project_authored	MembraneForger	not_applicable	not_applicable	project-authored	15f580c4b5b00fce62796a490d9ea82bc686131ba5ed3c56786dc1d9ba306c64	MIT	yes	none	CITATION.cff	none	project source	project workflow	KEEP_VERIFIED	project-authored file	not a retained third-party payload
environments/requirements-lock.txt	d8f77c2128650521002becc93ff66e3893fc11b72fe9f90dc74467f9f5a6990d	198	project_authored	MembraneForger	not_applicable	not_applicable	project-authored	d8f77c2128650521002becc93ff66e3893fc11b72fe9f90dc74467f9f5a6990d	MIT	yes	none	CITATION.cff	none	project source	project workflow	KEEP_VERIFIED	project-authored file	not a retained third-party payload
examples/minimal/README.md	e268c92b3f8733b8216bae1d49056ecce6178eb1ef7b09feefe5921c815714e4	924	project_authored	MembraneForger	not_applicable	not_applicable	project-authored	e268c92b3f8733b8216bae1d49056ecce6178eb1ef7b09feefe5921c815714e4	MIT	yes	none	CITATION.cff	none	project source	project workflow	KEEP_VERIFIED	project-authored file	not a retained third-party payload
examples/minimal/inputs/minimal.pdb	5cdb633cd2b886e55316014981cbf5a2a2338773cc7a84593695970c875020cc	448	project_authored	MembraneForger	not_applicable	not_applicable	project-authored	5cdb633cd2b886e55316014981cbf5a2a2338773cc7a84593695970c875020cc	MIT	yes	none	CITATION.cff	none	project source	project workflow	KEEP_VERIFIED	project-authored file	not a retained third-party payload
inputs/.gitignore	b58e76dc7aebe4b6acc648299a33346ae7aceb06c0d04a0ffb87becec0cfff82	35	project_authored	MembraneForger	not_applicable	not_applicable	project-authored	b58e76dc7aebe4b6acc648299a33346ae7aceb06c0d04a0ffb87becec0cfff82	MIT	yes	none	CITATION.cff	none	project source	project workflow	KEEP_VERIFIED	project-authored file	not a retained third-party payload
inputs/.gitkeep	01ba4719c80b6fe911b091a7c05124b64eeece964e09c058ef8f9805daca546b	1	project_authored	MembraneForger	not_applicable	not_applicable	project-authored	01ba4719c80b6fe911b091a7c05124b64eeece964e09c058ef8f9805daca546b	MIT	yes	none	CITATION.cff	none	project source	project workflow	KEEP_VERIFIED	project-authored file	not a retained third-party payload
inputs/README.md	c9de7c2b6682e27867ad1d96d85284e1bb71dc5eb5de26fd03a9dbc320fc0fb3	744	project_authored	MembraneForger	not_applicable	not_applicable	project-authored	c9de7c2b6682e27867ad1d96d85284e1bb71dc5eb5de26fd03a9dbc320fc0fb3	MIT	yes	none	CITATION.cff	none	project source	project workflow	KEEP_VERIFIED	project-authored file	not a retained third-party payload
logs/.gitkeep	01ba4719c80b6fe911b091a7c05124b64eeece964e09c058ef8f9805daca546b	1	project_authored	MembraneForger	not_applicable	not_applicable	project-authored	01ba4719c80b6fe911b091a7c05124b64eeece964e09c058ef8f9805daca546b	MIT	yes	none	CITATION.cff	none	project source	project workflow	KEEP_VERIFIED	project-authored file	not a retained third-party payload
outputs/.gitkeep	01ba4719c80b6fe911b091a7c05124b64eeece964e09c058ef8f9805daca546b	1	project_authored	MembraneForger	not_applicable	not_applicable	project-authored	01ba4719c80b6fe911b091a7c05124b64eeece964e09c058ef8f9805daca546b	MIT	yes	none	CITATION.cff	none	project source	project workflow	KEEP_VERIFIED	project-authored file	not a retained third-party payload
resources/README.md	63043c550f4e17d56f9b5c83fa55408950dd2f5d87c1ffea846cd83fd9997dc5	678	project_authored	MembraneForger	not_applicable	not_applicable	project-authored	63043c550f4e17d56f9b5c83fa55408950dd2f5d87c1ffea846cd83fd9997dc5	MIT	yes	none	CITATION.cff	none	project source	project workflow	KEEP_VERIFIED	project-authored file	not a retained third-party payload
resources/RESOURCE_MANIFEST.tsv	37f94d0688b6f91547bb15906fbe183ac6d6cf14a007056b0f6badc6316e4882	11059	project_authored	MembraneForger	not_applicable	not_applicable	project-authored	37f94d0688b6f91547bb15906fbe183ac6d6cf14a007056b0f6badc6316e4882	MIT	yes	none	CITATION.cff	none	project source	project workflow	KEEP_VERIFIED	project-authored file	not a retained third-party payload
resources/aa_mdp/README	0420bd7849bf7da2fbd10a53e544c97ecb716bd7ab19533faf0c4d387c20f291	544	project_authored	MembraneForger	not_applicable	not_applicable	project-authored	0420bd7849bf7da2fbd10a53e544c97ecb716bd7ab19533faf0c4d387c20f291	MIT	yes	none	CITATION.cff	none	project source	project workflow	KEEP_VERIFIED	project-authored file	not a retained third-party payload
resources/aa_mdp/an.mdp	1ed8d5837a94d2b5ad32162dce391a3dfe247cb4bda1957f9442acd011b1034e	2311	project_authored	MembraneForger	not_applicable	not_applicable	project-authored	1ed8d5837a94d2b5ad32162dce391a3dfe247cb4bda1957f9442acd011b1034e	MIT	yes	none	CITATION.cff	none	project source	project workflow	KEEP_VERIFIED	project-authored file	not a retained third-party payload
resources/aa_mdp/ions.mdp	c2e85523d8cb8ee1873d2dd8cd2a61d0d8cfbdc2ec7b99ea8a553d40e2f6a6ff	934	project_authored	MembraneForger	not_applicable	not_applicable	project-authored	c2e85523d8cb8ee1873d2dd8cd2a61d0d8cfbdc2ec7b99ea8a553d40e2f6a6ff	MIT	yes	none	CITATION.cff	none	project source	project workflow	KEEP_VERIFIED	project-authored file	not a retained third-party payload
resources/aa_mdp/md-cont.mdp	c8789120501e1250b473d60c945c3eb7adbc24a185e38b74a2a6dae5aa2938c6	2269	project_authored	MembraneForger	not_applicable	not_applicable	project-authored	c8789120501e1250b473d60c945c3eb7adbc24a185e38b74a2a6dae5aa2938c6	MIT	yes	none	CITATION.cff	none	project source	project workflow	KEEP_VERIFIED	project-authored file	not a retained third-party payload
resources/aa_mdp/md-p.mdp	72d7f2b87d17679a812918b9d839d1b980e10171e1c4a0b9a73448e8cf2a65c3	2247	project_authored	MembraneForger	not_applicable	not_applicable	project-authored	72d7f2b87d17679a812918b9d839d1b980e10171e1c4a0b9a73448e8cf2a65c3	MIT	yes	none	CITATION.cff	none	project source	project workflow	KEEP_VERIFIED	project-authored file	not a retained third-party payload
resources/aa_mdp/md.mdp	6de147089304548e47d2695b5d52001aef61cebb736f84922c0b743fe9fc32ed	2293	project_authored	MembraneForger	not_applicable	not_applicable	project-authored	6de147089304548e47d2695b5d52001aef61cebb736f84922c0b743fe9fc32ed	MIT	yes	none	CITATION.cff	none	project source	project workflow	KEEP_VERIFIED	project-authored file	not a retained third-party payload
resources/aa_mdp/minim.mdp	1e81d396b5b8809ca1dce49b98807bdb75a3d483c9224c5375f87d7d86bc639f	1098	project_authored	MembraneForger	not_applicable	not_applicable	project-authored	1e81d396b5b8809ca1dce49b98807bdb75a3d483c9224c5375f87d7d86bc639f	MIT	yes	none	CITATION.cff	none	project source	project workflow	KEEP_VERIFIED	project-authored file	not a retained third-party payload
resources/aa_mdp/npt.mdp	a3bb5a9eac0460464e2803cca758a54957e8daef1e076b194eebd5b9f1c93c48	2290	project_authored	MembraneForger	not_applicable	not_applicable	project-authored	a3bb5a9eac0460464e2803cca758a54957e8daef1e076b194eebd5b9f1c93c48	MIT	yes	none	CITATION.cff	none	project source	project workflow	KEEP_VERIFIED	project-authored file	not a retained third-party payload
resources/aa_mdp/npt00.mdp	1a31bba625e512122867634ebf19f5fa7e9fa56baef6804fd8e74e1cf14a97f6	2229	project_authored	MembraneForger	not_applicable	not_applicable	project-authored	1a31bba625e512122867634ebf19f5fa7e9fa56baef6804fd8e74e1cf14a97f6	MIT	yes	none	CITATION.cff	none	project source	project workflow	KEEP_VERIFIED	project-authored file	not a retained third-party payload
resources/aa_mdp/npt0k.mdp	400a256c131afe525f12391b285092d08c91ce30e79f87071bb8c1c03a78f4d0	2243	project_authored	MembraneForger	not_applicable	not_applicable	project-authored	400a256c131afe525f12391b285092d08c91ce30e79f87071bb8c1c03a78f4d0	MIT	yes	none	CITATION.cff	none	project source	project workflow	KEEP_VERIFIED	project-authored file	not a retained third-party payload
resources/aa_mdp/npt1k-long.mdp	99795e978b96979773bcb3733535942a047d484971376097d92b995d2e10e33c	2334	project_authored	MembraneForger	not_applicable	not_applicable	project-authored	99795e978b96979773bcb3733535942a047d484971376097d92b995d2e10e33c	MIT	yes	none	CITATION.cff	none	project source	project workflow	KEEP_VERIFIED	project-authored file	not a retained third-party payload
resources/aa_mdp/npt1k.mdp	5a5ec9b374ebe1d03f8ab95bad358a5db152e14dfcb8f35c9c58dc6817e4b071	2308	project_authored	MembraneForger	not_applicable	not_applicable	project-authored	5a5ec9b374ebe1d03f8ab95bad358a5db152e14dfcb8f35c9c58dc6817e4b071	MIT	yes	none	CITATION.cff	none	project source	project workflow	KEEP_VERIFIED	project-authored file	not a retained third-party payload
resources/aa_mdp/npt2k.mdp	ba6bdf5f3e9aef6f5dfc7bb57625cf1a94e599e02baded4486ff0a6f03990909	2334	project_authored	MembraneForger	not_applicable	not_applicable	project-authored	ba6bdf5f3e9aef6f5dfc7bb57625cf1a94e599e02baded4486ff0a6f03990909	MIT	yes	none	CITATION.cff	none	project source	project workflow	KEEP_VERIFIED	project-authored file	not a retained third-party payload
resources/aa_mdp/npt3k.mdp	6ccb085299d7e22b5eb3baa3dec6b90816a9ce97ce8d0df9262de48265417d14	2336	project_authored	MembraneForger	not_applicable	not_applicable	project-authored	6ccb085299d7e22b5eb3baa3dec6b90816a9ce97ce8d0df9262de48265417d14	MIT	yes	none	CITATION.cff	none	project source	project workflow	KEEP_VERIFIED	project-authored file	not a retained third-party payload
resources/aa_mdp/npt4k.mdp	afc84ddf9a810302ad7954c80d3edfa9d4e7c65a52238a66a0553f180245f834	2361	project_authored	MembraneForger	not_applicable	not_applicable	project-authored	afc84ddf9a810302ad7954c80d3edfa9d4e7c65a52238a66a0553f180245f834	MIT	yes	none	CITATION.cff	none	project source	project workflow	KEEP_VERIFIED	project-authored file	not a retained third-party payload
resources/aa_mdp/npt5k.mdp	0bd0e5dde856579f8491d7ffbc9d1907f360cce31b88fcab019b4b60bec29d22	2360	project_authored	MembraneForger	not_applicable	not_applicable	project-authored	0bd0e5dde856579f8491d7ffbc9d1907f360cce31b88fcab019b4b60bec29d22	MIT	yes	none	CITATION.cff	none	project source	project workflow	KEEP_VERIFIED	project-authored file	not a retained third-party payload
resources/aa_mdp/nvt.mdp	18214ee07006dfc43a81aeffb8880406b2953b835cc24f33122f2f92d06e5f62	2231	project_authored	MembraneForger	not_applicable	not_applicable	project-authored	18214ee07006dfc43a81aeffb8880406b2953b835cc24f33122f2f92d06e5f62	MIT	yes	none	CITATION.cff	none	project source	project workflow	KEEP_VERIFIED	project-authored file	not a retained third-party payload
resources/cg_mdp/step6.0_minimization.mdp	0b6310efa08577fa44ee0a117553c9505fbbdba2ae8ef22ea53f22293dc1579b	1565	project_authored	MembraneForger	not_applicable	not_applicable	project-authored	0b6310efa08577fa44ee0a117553c9505fbbdba2ae8ef22ea53f22293dc1579b	MIT	yes	none	CITATION.cff	none	project source	project workflow	KEEP_VERIFIED	project-authored file	not a retained third-party payload
resources/cg_mdp/step6.1_minimization.mdp	ea16552fc957b8f4da3ff6b92812090c2b82efef52bcb5e25807b7aa550c4610	1604	project_authored	MembraneForger	not_applicable	not_applicable	project-authored	ea16552fc957b8f4da3ff6b92812090c2b82efef52bcb5e25807b7aa550c4610	MIT	yes	none	CITATION.cff	none	project source	project workflow	KEEP_VERIFIED	project-authored file	not a retained third-party payload
resources/cg_mdp/step6.2_equilibration.mdp	1114a718946492a8965aa5214e1a12fd7c4b836eaf62cb4786870724443d5f2b	1835	project_authored	MembraneForger	not_applicable	not_applicable	project-authored	1114a718946492a8965aa5214e1a12fd7c4b836eaf62cb4786870724443d5f2b	MIT	yes	none	CITATION.cff	none	project source	project workflow	KEEP_VERIFIED	project-authored file	not a retained third-party payload
resources/cg_mdp/step6.3_equilibration.mdp	4bea0b73d0c032599b53f6e9dbd7fac46c2879226cc48f62663bc03ecd93ee1f	2089	project_authored	MembraneForger	not_applicable	not_applicable	project-authored	4bea0b73d0c032599b53f6e9dbd7fac46c2879226cc48f62663bc03ecd93ee1f	MIT	yes	none	CITATION.cff	none	project source	project workflow	KEEP_VERIFIED	project-authored file	not a retained third-party payload
resources/cg_mdp/step6.4_equilibration.mdp	5424bd78a864e933da0ed73a0487a66134d69173c86d357e0f3f3ff0b285cb82	2097	project_authored	MembraneForger	not_applicable	not_applicable	project-authored	5424bd78a864e933da0ed73a0487a66134d69173c86d357e0f3f3ff0b285cb82	MIT	yes	none	CITATION.cff	none	project source	project workflow	KEEP_VERIFIED	project-authored file	not a retained third-party payload
resources/cg_mdp/step6.5_equilibration.mdp	20151fd03c2a4f2348a6a3e8e93df46879d559a460302d48d54df121811f5d77	2323	project_authored	MembraneForger	not_applicable	not_applicable	project-authored	20151fd03c2a4f2348a6a3e8e93df46879d559a460302d48d54df121811f5d77	MIT	yes	none	CITATION.cff	none	project source	project workflow	KEEP_VERIFIED	project-authored file	not a retained third-party payload
resources/cg_mdp/step6.6_equilibration.mdp	3addb25698a10fb4b000948d47f4ec58e6b69b0cffdeafb8d8638ef6a0f6cac0	2323	project_authored	MembraneForger	not_applicable	not_applicable	project-authored	3addb25698a10fb4b000948d47f4ec58e6b69b0cffdeafb8d8638ef6a0f6cac0	MIT	yes	none	CITATION.cff	none	project source	project workflow	KEEP_VERIFIED	project-authored file	not a retained third-party payload
resources/cg_mdp/step7.1_production.mdp	564cdbc724824392bfa41c55e20f1b29aa0aaa569c38b431e372ba89993b97f0	2274	project_authored	MembraneForger	not_applicable	not_applicable	project-authored	564cdbc724824392bfa41c55e20f1b29aa0aaa569c38b431e372ba89993b97f0	MIT	yes	none	CITATION.cff	none	project source	project workflow	KEEP_VERIFIED	project-authored file	not a retained third-party payload
resources/cg_mdp/step7.2_production.mdp	564cdbc724824392bfa41c55e20f1b29aa0aaa569c38b431e372ba89993b97f0	2274	project_authored	MembraneForger	not_applicable	not_applicable	project-authored	564cdbc724824392bfa41c55e20f1b29aa0aaa569c38b431e372ba89993b97f0	MIT	yes	none	CITATION.cff	none	project source	project workflow	KEEP_VERIFIED	project-authored file	not a retained third-party payload
resources/cg_mdp/step7.3_production.mdp	564cdbc724824392bfa41c55e20f1b29aa0aaa569c38b431e372ba89993b97f0	2274	project_authored	MembraneForger	not_applicable	not_applicable	project-authored	564cdbc724824392bfa41c55e20f1b29aa0aaa569c38b431e372ba89993b97f0	MIT	yes	none	CITATION.cff	none	project source	project workflow	KEEP_VERIFIED	project-authored file	not a retained third-party payload
resources/cg_mdp/step7.4_production.mdp	564cdbc724824392bfa41c55e20f1b29aa0aaa569c38b431e372ba89993b97f0	2274	project_authored	MembraneForger	not_applicable	not_applicable	project-authored	564cdbc724824392bfa41c55e20f1b29aa0aaa569c38b431e372ba89993b97f0	MIT	yes	none	CITATION.cff	none	project source	project workflow	KEEP_VERIFIED	project-authored file	not a retained third-party payload
resources/cg_mdp/step7.5_production.mdp	55e3acabe127c2bb8a13b8aaf9a42a4c160ee8ec7db6317611735b847c0d8f99	2275	project_authored	MembraneForger	not_applicable	not_applicable	project-authored	55e3acabe127c2bb8a13b8aaf9a42a4c160ee8ec7db6317611735b847c0d8f99	MIT	yes	none	CITATION.cff	none	project source	project workflow	KEEP_VERIFIED	project-authored file	not a retained third-party payload
resources/forcefields/martini/CITATIONS.md	f7ccf147e82a3d4f5a5ce4a55b6b6520dc75d799a6730bdde4f8490f3f8b7798	368	project_authored	MembraneForger	not_applicable	not_applicable	project-authored	f7ccf147e82a3d4f5a5ce4a55b6b6520dc75d799a6730bdde4f8490f3f8b7798	MIT	yes	none	CITATION.cff	none	project source	project workflow	KEEP_VERIFIED	project-authored file	not a retained third-party payload
resources/forcefields/martini/ORIGIN.yaml	131f36300eccb9dc6fab275c9e3054bd36144d5b414565848eb976b4aba8cdb3	2351	project_authored	MembraneForger	not_applicable	not_applicable	project-authored	131f36300eccb9dc6fab275c9e3054bd36144d5b414565848eb976b4aba8cdb3	MIT	yes	none	CITATION.cff	none	project source	project workflow	KEEP_VERIFIED	project-authored file	not a retained third-party payload
resources/forcefields/martini/martini_v3.0.0.itp	0ecbf0ff334b2ec21dc5e3151aca42167b977bc2aed41eb2a44bd8c997754894	16030960	third_party_verified	Martini force fields	https://github.com/marrink-lab/martini-forcefields.git	martini_forcefields/regular/v3.0.0/gmx_files/martini_v3.0.0.itp	784591ebdc91d762ed4df986c4650546c938f776	0ecbf0ff334b2ec21dc5e3151aca42167b977bc2aed41eb2a44bd8c997754894	Apache-2.0	yes	Apache-2.0 license text retained in LICENSES/Apache-2.0.txt	Martini 3 and molecule-specific upstream citations	none	official upstream repository	Martini-enabled workflows	KEEP_VERIFIED	official upstream repository license and checksum	byte-identical retained file
resources/forcefields/martini/martini_v3.0.0_ions_v1.itp	699aba132755b0ef13a0d7b41e6230a27777781bdc8075507413b89499c2be4f	7851	third_party_verified	Martini force fields	https://github.com/marrink-lab/martini-forcefields.git	martini_forcefields/regular/v3.0.0/gmx_files/martini_v3.0.0_ions_v1.itp	784591ebdc91d762ed4df986c4650546c938f776	699aba132755b0ef13a0d7b41e6230a27777781bdc8075507413b89499c2be4f	Apache-2.0	yes	Apache-2.0 license text retained in LICENSES/Apache-2.0.txt	Martini 3 and molecule-specific upstream citations	none	official upstream repository	Martini-enabled workflows	KEEP_VERIFIED	official upstream repository license and checksum	byte-identical retained file
resources/forcefields/martini/martini_v3.0.0_nucleobases_v1.itp	774526a4fa1ba6cbe80bda97c0f0516e31c0f21212466281bfae7348cea6f393	5721	third_party_verified	Martini force fields	https://github.com/marrink-lab/martini-forcefields.git	martini_forcefields/regular/v3.0.0/gmx_files/martini_v3.0.0_nucleobases_v1.itp	784591ebdc91d762ed4df986c4650546c938f776	774526a4fa1ba6cbe80bda97c0f0516e31c0f21212466281bfae7348cea6f393	Apache-2.0	yes	Apache-2.0 license text retained in LICENSES/Apache-2.0.txt	Martini 3 and molecule-specific upstream citations	none	official upstream repository	Martini-enabled workflows	KEEP_VERIFIED	official upstream repository license and checksum	byte-identical retained file
resources/forcefields/martini/martini_v3.0.0_phospholipids_v1.itp	21fb2eb6d8a1d48854d179dc71981c1210f608486efb3e6644347391ba9cf392	207794	third_party_verified	Martini force fields	https://github.com/marrink-lab/martini-forcefields.git	martini_forcefields/regular/v3.0.0/gmx_files/martini_v3.0.0_phospholipids_v1.itp	784591ebdc91d762ed4df986c4650546c938f776	21fb2eb6d8a1d48854d179dc71981c1210f608486efb3e6644347391ba9cf392	Apache-2.0	yes	Apache-2.0 license text retained in LICENSES/Apache-2.0.txt	Martini 3 and molecule-specific upstream citations	none	official upstream repository	Martini-enabled workflows	KEEP_VERIFIED	official upstream repository license and checksum	byte-identical retained file
resources/forcefields/martini/martini_v3.0.0_small_molecules_v1.itp	61eb12c3e70fa31af0503d91c3c4ec03c16e88414c884e694bd4092b0afe3cbc	9862	third_party_verified	Martini force fields	https://github.com/marrink-lab/martini-forcefields.git	martini_forcefields/regular/v3.0.0/gmx_files/martini_v3.0.0_small_molecules_v1.itp	784591ebdc91d762ed4df986c4650546c938f776	61eb12c3e70fa31af0503d91c3c4ec03c16e88414c884e694bd4092b0afe3cbc	Apache-2.0	yes	Apache-2.0 license text retained in LICENSES/Apache-2.0.txt	Martini 3 and molecule-specific upstream citations	none	official upstream repository	Martini-enabled workflows	KEEP_VERIFIED	official upstream repository license and checksum	byte-identical retained file
resources/forcefields/martini/martini_v3.0.0_solvents_v1.itp	e6a78414b317c38a1a816eded4aee6082a5da1ed229a126359f0cc92314dcb4e	14432	third_party_verified	Martini force fields	https://github.com/marrink-lab/martini-forcefields.git	martini_forcefields/regular/v3.0.0/gmx_files/martini_v3.0.0_solvents_v1.itp	784591ebdc91d762ed4df986c4650546c938f776	e6a78414b317c38a1a816eded4aee6082a5da1ed229a126359f0cc92314dcb4e	Apache-2.0	yes	Apache-2.0 license text retained in LICENSES/Apache-2.0.txt	Martini 3 and molecule-specific upstream citations	none	official upstream repository	Martini-enabled workflows	KEEP_VERIFIED	official upstream repository license and checksum	byte-identical retained file
resources/forcefields/martini/martini_v3.0.0_sugars_v1.itp	342c8a7be7209a9d6f50c91a0adba3e16150863cd33411ca6bb18b4c2675bbbf	909	third_party_verified	Martini force fields	https://github.com/marrink-lab/martini-forcefields.git	martini_forcefields/regular/v3.0.0/gmx_files/martini_v3.0.0_sugars_v1.itp	784591ebdc91d762ed4df986c4650546c938f776	342c8a7be7209a9d6f50c91a0adba3e16150863cd33411ca6bb18b4c2675bbbf	Apache-2.0	yes	Apache-2.0 license text retained in LICENSES/Apache-2.0.txt	Martini 3 and molecule-specific upstream citations	none	official upstream repository	Martini-enabled workflows	KEEP_VERIFIED	official upstream repository license and checksum	byte-identical retained file
resources/forcefields/martini/martini_v3.0.0_sugars_v2.itp	4d29956a77d936cfdad10e8bbdf201cebdaa24a2f5f50688988a1c7bb9ebfc50	11300	third_party_verified	Martini force fields	https://github.com/marrink-lab/martini-forcefields.git	martini_forcefields/regular/v3.0.0/gmx_files/martini_v3.0.0_sugars_v2.itp	784591ebdc91d762ed4df986c4650546c938f776	4d29956a77d936cfdad10e8bbdf201cebdaa24a2f5f50688988a1c7bb9ebfc50	Apache-2.0	yes	Apache-2.0 license text retained in LICENSES/Apache-2.0.txt	Martini 3 and molecule-specific upstream citations	none	official upstream repository	Martini-enabled workflows	KEEP_VERIFIED	official upstream repository license and checksum	byte-identical retained file
resources/ligand_params/GLPA/README.md	2878754d1cd9ac6753f26646a8d1e2d0a6750476c52b3eec912bac6e6b55e5f7	580	project_authored	MembraneForger	not_applicable	not_applicable	project-authored	2878754d1cd9ac6753f26646a8d1e2d0a6750476c52b3eec912bac6e6b55e5f7	MIT	yes	none	CITATION.cff	none	project source	project workflow	KEEP_VERIFIED	project-authored file	not a retained third-party payload
resources/mappings/map.dat	c88c0da6fa98bf275e98723c5fdd5de04f90c7802b1944191dcc40b7e591dcdb	3281	project_authored	MembraneForger	not_applicable	not_applicable	project-authored	c88c0da6fa98bf275e98723c5fdd5de04f90c7802b1944191dcc40b7e591dcdb	MIT	yes	none	CITATION.cff	none	project source	project workflow	KEEP_VERIFIED	project-authored file	not a retained third-party payload
resources/templates/GM3.xml	2899de76e3a2bf30cff0bdac74808ef5cfad223623a3ef5fff2a94750c744eab	18108	project_authored	MembraneForger	not_applicable	not_applicable	project-authored	2899de76e3a2bf30cff0bdac74808ef5cfad223623a3ef5fff2a94750c744eab	MIT	yes	none	CITATION.cff	none	project source	project workflow	KEEP_VERIFIED	project-authored file	not a retained third-party payload
resources/vendor/README.md	baf72724c51a7a36d986c85382a645c80eb767dcc3b8426d3c2ddca957b73d63	628	project_authored	MembraneForger	not_applicable	not_applicable	project-authored	baf72724c51a7a36d986c85382a645c80eb767dcc3b8426d3c2ddca957b73d63	MIT	yes	none	CITATION.cff	none	project source	project workflow	KEEP_VERIFIED	project-authored file	not a retained third-party payload
resources/vendor/mstool	d238e049d1003054c242352b6df25f229ee498f7b45c98a92ecdbfe1f9617e7b	88599506	third_party_modified	mstool	https://github.com/ksy141/mstool.git	mstool package	2d37f9d3e89279ddd9125cc74da1f5e01153586c	c9e43e5ae607bdd31b1c86f6e5b0698095010af57210e7b3f6bf4144fb8bebba	GPL-3.0-only	yes	GPL license retained in resources/vendor/mstool/LICENSE	upstream mstool citation	MODIFICATIONS.md and copied license added; no upstream source-code changes	pinned upstream archive	Stage 3 backmapping	KEEP_VERIFIED	upstream GPL repository and local tree checksum	vendored source tree; generated C and native artifacts are ignored
resources/vendor/mstool.lock.yaml	a3af6b02e7eeb9d0d6ce2f2447f50f32360ebd3e5d93f61f93b2278dbf2cc4e0	925	bootstrap_lock	mstool	https://github.com/ksy141/mstool.git	archive	2d37f9d3e89279ddd9125cc74da1f5e01153586c	c9e43e5ae607bdd31b1c86f6e5b0698095010af57210e7b3f6bf4144fb8bebba	GPL-3.0-only	yes	GPL license retained in resources/vendor/mstool/LICENSE	upstream mstool citation	MODIFICATIONS.md recorded in lock; no upstream source-code changes	pinned upstream archive	Stage 3 backmapping	KEEP_VERIFIED	verified tree checksum in lock	public vendored source lock
run_pipeline.sh	40b7814482a57f1c779b863f1a5db06c384779f8aa6090c1c1e8f4ffe1ec4136	1074	project_authored	MembraneForger	not_applicable	not_applicable	project-authored	40b7814482a57f1c779b863f1a5db06c384779f8aa6090c1c1e8f4ffe1ec4136	MIT	yes	none	CITATION.cff	none	project source	project workflow	KEEP_VERIFIED	project-authored file	not a retained third-party payload
scripts/bootstrap_mstool.py	3475efa24fb6170590edf066cecc4582b4f2b91ce40796096e16bb62062984b3	9612	project_authored	MembraneForger	not_applicable	not_applicable	project-authored	3475efa24fb6170590edf066cecc4582b4f2b91ce40796096e16bb62062984b3	MIT	yes	none	CITATION.cff	none	project source	project workflow	KEEP_VERIFIED	project-authored file	not a retained third-party payload
scripts/bootstrap_resources.py	f875310b43c544b4909e562ecefe24ca4c456e0e105ea400e2d0a6c7b639f1eb	2379	project_authored	MembraneForger	not_applicable	not_applicable	project-authored	f875310b43c544b4909e562ecefe24ca4c456e0e105ea400e2d0a6c7b639f1eb	MIT	yes	none	CITATION.cff	none	project source	project workflow	KEEP_VERIFIED	project-authored file	not a retained third-party payload
scripts/check_python_environment.py	604c38d6b71bc0795b4451b4b4fa025a3ea2d03f764d6afe514369da73693da0	1342	project_authored	MembraneForger	not_applicable	not_applicable	project-authored	604c38d6b71bc0795b4451b4b4fa025a3ea2d03f764d6afe514369da73693da0	MIT	yes	none	CITATION.cff	none	project source	project workflow	KEEP_VERIFIED	project-authored file	not a retained third-party payload
scripts/dependency_resolver.py	8e3e6298b711c1d94374b1cbc1168e8bba3c08a14676828efd335f8043ac4008	10243	project_authored	MembraneForger	not_applicable	not_applicable	project-authored	8e3e6298b711c1d94374b1cbc1168e8bba3c08a14676828efd335f8043ac4008	MIT	yes	none	CITATION.cff	none	project source	project workflow	KEEP_VERIFIED	project-authored file	not a retained third-party payload
scripts/external_dependencies.py	3ce903c0b066b618abb0fba5aa2ab7f97dac98150cedaf467df515b71c913009	22056	project_authored	MembraneForger	not_applicable	not_applicable	project-authored	3ce903c0b066b618abb0fba5aa2ab7f97dac98150cedaf467df515b71c913009	MIT	yes	none	CITATION.cff	none	project source	project workflow	KEEP_VERIFIED	project-authored file	not a retained third-party payload
scripts/insane_M3_lipids_new.py	1ff505538ddd47dd28f9cd3a9557305bc69587ae952072ca2c44feca1f90990c	81340	third_party_modified	INSANE-derived membrane builder	not_established	INSANE script lineage	20140603.11.TAW	55a19b4d0bca5c711af2b020503b75627d4354cb36249ae970d47a54021a6074	GPL-2.0-or-later	yes	GPL-2.0 text retained in LICENSES/GPL-2.0-or-later.txt	INSANE publication and upstream script citations	lipid-template modifications marked in script header; MembraneForger modification notice added 2026-09-02	INSert membrAN script lineage	Stage 2 de novo membrane construction	KEEP_VERIFIED	local script metadata and checksum	bundled exact script; not resolved from system insane
scripts/membraneforger_paths.py	1ab5cd8669998e8427d8ff178074584167e6e148f8ec13e92127d557e308233b	16306	project_authored	MembraneForger	not_applicable	not_applicable	project-authored	1ab5cd8669998e8427d8ff178074584167e6e148f8ec13e92127d557e308233b	MIT	yes	none	CITATION.cff	none	project source	project workflow	KEEP_VERIFIED	project-authored file	not a retained third-party payload
scripts/membraneforger_workflow.py	a1576bf124cb9c20b48e0ba1bfb400f19d186a60d618d17715afc545bb3f49f0	30095	project_authored	MembraneForger	not_applicable	not_applicable	project-authored	a1576bf124cb9c20b48e0ba1bfb400f19d186a60d618d17715afc545bb3f49f0	MIT	yes	none	CITATION.cff	none	project source	project workflow	KEEP_VERIFIED	project-authored file	not a retained third-party payload
scripts/restore_archive.py	21630f872ca9d56a531a05c46f78ef491ba64e559b8a6c72acc5f7c72a4a3818	1844	project_authored	MembraneForger	not_applicable	not_applicable	project-authored	21630f872ca9d56a531a05c46f78ef491ba64e559b8a6c72acc5f7c72a4a3818	MIT	yes	none	CITATION.cff	none	project source	project workflow	KEEP_VERIFIED	project-authored file	not a retained third-party payload
scripts/test_membrane_workflow.py	67c6f48cacd3a953266541d1bd5b375e670383440f576d9aa35f1eb6ab84846a	359	project_authored	MembraneForger	not_applicable	not_applicable	project-authored	67c6f48cacd3a953266541d1bd5b375e670383440f576d9aa35f1eb6ab84846a	MIT	yes	none	CITATION.cff	none	project source	project workflow	KEEP_VERIFIED	project-authored file	not a retained third-party payload
setup.sh	fcea9f10a1e04cade2238a6a4b2e063b8eae9a0efcc226a3bf0f795a0ced523f	4219	project_authored	MembraneForger	not_applicable	not_applicable	project-authored	fcea9f10a1e04cade2238a6a4b2e063b8eae9a0efcc226a3bf0f795a0ced523f	MIT	yes	none	CITATION.cff	none	project source	project workflow	KEEP_VERIFIED	project-authored file	not a retained third-party payload
stages/stage1_setup_cg/run.sh	2090328a0723348280cc9ba585bfe4aac106df13c3bc679729455559e9f88841	1093	project_authored	MembraneForger	not_applicable	not_applicable	project-authored	2090328a0723348280cc9ba585bfe4aac106df13c3bc679729455559e9f88841	MIT	yes	none	CITATION.cff	none	project source	project workflow	KEEP_VERIFIED	project-authored file	not a retained third-party payload
stages/stage2_run_cg/run.sh	f9247a4e98575126b776eefb287cabf5075c804c3710566a70c08936b61a2b25	1093	project_authored	MembraneForger	not_applicable	not_applicable	project-authored	f9247a4e98575126b776eefb287cabf5075c804c3710566a70c08936b61a2b25	MIT	yes	none	CITATION.cff	none	project source	project workflow	KEEP_VERIFIED	project-authored file	not a retained third-party payload
stages/stage3_backmap/run.py	66c7af22a6e0e0e38c921e910c22a5bf8008c50971ae7dbf328192d0fdfa4c72	1508	project_authored	MembraneForger	not_applicable	not_applicable	project-authored	66c7af22a6e0e0e38c921e910c22a5bf8008c50971ae7dbf328192d0fdfa4c72	MIT	yes	none	CITATION.cff	none	project source	project workflow	KEEP_VERIFIED	project-authored file	not a retained third-party payload
stages/stage4_prepare_aa/run.sh	e34cf057f4df9fbac2a62a7b159e7935f3d21c2ba243742367deb351df1038da	1093	project_authored	MembraneForger	not_applicable	not_applicable	project-authored	e34cf057f4df9fbac2a62a7b159e7935f3d21c2ba243742367deb351df1038da	MIT	yes	none	CITATION.cff	none	project source	project workflow	KEEP_VERIFIED	project-authored file	not a retained third-party payload
tests/public_script_inventory.tsv	431bb00b8dc3cc8197c987bfae2ec97e0202a66be57b6f87ce04223145bd802e	854	project_authored	MembraneForger	not_applicable	not_applicable	project-authored	431bb00b8dc3cc8197c987bfae2ec97e0202a66be57b6f87ce04223145bd802e	MIT	yes	none	CITATION.cff	none	project source	project workflow	KEEP_VERIFIED	project-authored file	not a retained third-party payload
tests/test_external_dependencies.py	2cc25d4c3e804d1b87643fada36d96185842600cd6984169bcfe58cc9459decf	14480	project_authored	MembraneForger	not_applicable	not_applicable	project-authored	2cc25d4c3e804d1b87643fada36d96185842600cd6984169bcfe58cc9459decf	MIT	yes	none	CITATION.cff	none	project source	project workflow	KEEP_VERIFIED	project-authored file	not a retained third-party payload
tests/test_portable_workflow.py	ddffecde450419b048c3d1cbba742064f8050d3a31cb41fe9c4641e2fa85058f	2211	project_authored	MembraneForger	not_applicable	not_applicable	project-authored	ddffecde450419b048c3d1cbba742064f8050d3a31cb41fe9c4641e2fa85058f	MIT	yes	none	CITATION.cff	none	project source	project workflow	KEEP_VERIFIED	project-authored file	not a retained third-party payload
tests/test_publication_portability.py	cea990ab711a0b4c9e6d76c7638311365fed2775a70918ebfd6e0b8421c5ade9	14646	project_authored	MembraneForger	not_applicable	not_applicable	project-authored	cea990ab711a0b4c9e6d76c7638311365fed2775a70918ebfd6e0b8421c5ade9	MIT	yes	none	CITATION.cff	none	project source	project workflow	KEEP_VERIFIED	project-authored file	not a retained third-party payload
tests/test_stage3_repairs.py	3c43f520701ea5fa26a8f894b16f10c794d862ccb3727d677ff2f23b936378e0	8692	project_authored	MembraneForger	not_applicable	not_applicable	project-authored	3c43f520701ea5fa26a8f894b16f10c794d862ccb3727d677ff2f23b936378e0	MIT	yes	none	CITATION.cff	none	project source	project workflow	KEEP_VERIFIED	project-authored file	not a retained third-party payload
work/.gitkeep	01ba4719c80b6fe911b091a7c05124b64eeece964e09c058ef8f9805daca546b	1	project_authored	MembraneForger	not_applicable	not_applicable	project-authored	01ba4719c80b6fe911b091a7c05124b64eeece964e09c058ef8f9805daca546b	MIT	yes	none	CITATION.cff	none	project source	project workflow	KEEP_VERIFIED	project-authored file	not a retained third-party payload
LICENSES/MIT.txt	a991846b29918b975aca9309121b6752be03b851a99d7b8c2f7edd9d885b7aa0	1103	license_text	MembraneForger	not_applicable	license text	MIT	a991846b29918b975aca9309121b6752be03b851a99d7b8c2f7edd9d885b7aa0	MIT	yes	MIT license text retained	none	none	license text	source distribution notices	KEEP_VERIFIED	license file retained in repository	full license text
LICENSES/GPL-3.0-only.txt	c53a65c2fd561c87eaabf1072ef5dcab8653042bc15308465f52413585eb6271	35146	license_text	mstool	https://github.com/ksy141/mstool.git	license text	GPL-3.0-only	c53a65c2fd561c87eaabf1072ef5dcab8653042bc15308465f52413585eb6271	GPL-3.0-only	yes	GPL-3.0-only license text retained	none	none	license text	source distribution notices	KEEP_VERIFIED	license file retained in repository	full license text
LICENSES/GPL-2.0-or-later.txt	edaef632cbb643e4e7a221717a6c441a4c1a7c918e6e4d56debc3d8739b233f6	17984	license_text	INSANE-derived membrane builder	INSert membrAN script lineage	license text	GPL-2.0-or-later	edaef632cbb643e4e7a221717a6c441a4c1a7c918e6e4d56debc3d8739b233f6	GPL-2.0-or-later	yes	GPL-2.0-or-later license text retained	none	none	license text	source distribution notices	KEEP_VERIFIED	license file retained in repository	full license text
resources/vendor/mstool/MODIFICATIONS.md	3f6637ac723fa5ae7ea5cdb411b9dbb5554190eb3f72f0cf1a6b840d15ec56d8	1004	modification_notice	mstool	https://github.com/ksy141/mstool.git	MembraneForger notice	2d37f9d3e89279ddd9125cc74da1f5e01153586c	3f6637ac723fa5ae7ea5cdb411b9dbb5554190eb3f72f0cf1a6b840d15ec56d8	GPL-3.0-only	yes	GPL license retained in resources/vendor/mstool/LICENSE	upstream mstool citation	notice added by MembraneForger 2026-09-02	project source distribution notice	Stage 3 backmapping	KEEP_VERIFIED	modification notice	prominent vendored mstool modification notice
docs/insane_modifications.md	948f427d128e50abf45a14367ab85ec479d7f777d18bf461f6304104bf0d076f	700	project_authored	MembraneForger	not_applicable	not_applicable	project-authored	948f427d128e50abf45a14367ab85ec479d7f777d18bf461f6304104bf0d076f	MIT	yes	none	CITATION.cff	none	project source	project workflow	KEEP_VERIFIED	project-authored file	INSANE-derived script modification notice
